,Raw,Txt
070320_뜨거운것이_좋아,,Y
0920시나리오-제본용,,Y
3807_우아한거짓말,,Y
7급공무원,,Y
B형남자친구,Y,
FACE페이스,,Y
M,Y,
My Generation,,Y
Thirst,Y,
[시나리오] 박수칠 때 떠나라,,Y
_BA_AF_BB_EA,Y,
blue,,Y
comingout_scenario_package,Y,
crawl_meta,Y,
crawl_meta,Y,
gp506,Y,
haru,,Y
ing대본,,Y
itemtext,Y,
kukhwa,,Y
pdf2txt-너의 결혼식,,Y
raw해운대(최종),,Y
swe,Y,
가면,,Y
가문의영광,,Y
가비,Y,
가을로,Y,
가족,,Y
가족의탄생_051021,,Y
간신_시나리오,Y,Y
감시자들_1,Y,
감시자들_2,Y,
강원도의_힘,Y,
강철중,,Y
거룩한계보,,Y
거미숲,,Y
거울속으로,,Y
건축학개론,,Y
검은사제들,Y,
검은집,Y,
고사,,Y
고지전,,Y
곡성,Y,Y
공공의적 2,,Y
과속스캔들,Y,
광식이동생광태,,Y
광해,,Y
괴물,,Y
교회누나-최종고2(제본용),,Y
구타유발자들,Y,
국가대표,,Y
그때그사람들,Y,
그림자살인_faye69,,Y
그해여름,,Y
극락도살인사건,,Y
기다리다미쳐,Y,
기담,Y,
기막힌사내들,Y,
꽃섬,Y,
꽃잎,,Y
꽃피는봄이오면(2004-02-09),,Y
끝까지간다,,Y
나의결혼원정기,,Y
날보러와요_김광림작,,Y
남극일기,,Y
내 심장을 쏴라,,Y
내_깡패같은_애인,,Y
내마음의_풍금,Y,
내사랑(가제),Y,
내사랑마음이,Y,
내생애가장아름다운일주일레이아웃편집본,Y,
내생에최악의남자,Y,
너는 내 운명,,Y
너의 결혼식,Y,
넘버3,,Y
네멋대로해라,,Y
녹음대본_교회누나1,Y,
누가그녀와잤을까(06[1]14완고),,Y
눈물[1],Y,
눈에는_눈_이에는_이,,Y
늑대소년,Y,
다세포소녀,,Y
다찌마와리,Y,
"달콤,살벌한연인",,Y
달콤한 인생,,Y
댄서의순정6[1],,Y
댄싱퀸_최종_시나리오,,Y
더 킹,Y,
더 테러 라이브,Y,
더게임,Y,
도가니,Y,
도레미파솔라시도,,Y
도마뱀_시나리오,,Y
돼지가_우물에_빠진_날,Y,
두뇌유희프로젝트 퍼즐,Y,
라디오스타,,Y
라이어,,Y
러브토크,Y,
령,,Y
로드무비,,Y
로망스파이날,Y,
마더,,Y
마린_보이,,Y
마이파더,,Y
마지막늑대,,Y
마파도,,Y
만남의광장(0813v)시나리오,,Y
말죽거리 잔혹사,,Y
맨발의 기봉이,,Y
멋진하루,,Y
무방비도시,Y,
미나문방구,,Y
미녀는 괴로워,,Y
미스터소크라테스24,,Y
미인도,,Y
밀양,,Y
밀정,,Y
바람,,Y
바람의전설_오발탄,,Y
바르게살자0719,,Y
바보,Y,
박수칠때떠나라,,Y
박쥐,,Y
반창꼬,,Y
반칙왕,Y,Y
방과후옥상_시나리오,,Y
범죄의재구성,Y,
베를린 최종고(20120301),Y,
베스트셀러,,Y
변호인,Y,
봄날은_간다_5고_(2월21일),,Y
봉준호 _지리멸렬_,,Y
부당거래,,Y
부산행,,Y
분홍신,,Y
불어라봄바람,,Y
뷰티인사이드,Y,
뷰티풀썬데이,Y,
브라보마이라이프,,Y
비밀,,Y
비스티보이즈,Y,
비열한거리,Y,
비열한거리,Y,
빈집자막,,Y
사랑,Y,
사랑니,,Y
사랑따윈 필요없어,,Y
사랑을_놓치다,,Y
사랑해말순씨,,Y
사생결단,Y,
새드무비,,Y
색즉시공,,Y
색즉시공_시나리오(4[1][1]8),Y,
성난펭귄 19고 1011,,Y
세븐데이즈,,Y
"소년,_천국에_가다",,Y
숨바꼭질,Y,
쉬리,,Y
슈퍼맨이였던사나이,Y,
스승의은혜,Y,Y
스카우트_시나리오,,Y
스캔들,,Y
슬픔보다 더 슬픈 이야기,Y,
시,,Y
시나리오합본_161001_우주,Y,
식객,Y,
신부수업시나리오,,Y
신세계,,Y
신의한수,,Y
싸움,Y,
써니,,Y
아내가 결혼했다,Y,
아내의_애인을_만나다,,Y
아는여자-시나리오,,Y
아라한,,Y
아랑,Y,
아름다운 시절,,Y
아저씨,,Y
아파트,,Y
악마를보았다,,Y
안녕UFO,,Y
안녕형아[최종본],,Y
애자,Y,
애정결핍이 두 남자에게 미치는 영향,,Y
앤티크,,Y
야수[1],,Y
약속,,Y
어린신부-시나리오,Y,
어린의뢰인_원작각본(배포용),,Y
여교수의은밀한매력,Y,
역도산,Y,
연애의 온도,,Y
연애의_목적,,Y
열혈남아,,Y
영어완전정복,,Y
영화는영화다,,Y
예의없는것들050609,,Y
오구,Y,
오래된정원,Y,
오로라공주,,Y
오직 그대만,,Y
오해피데이-2003진행고수정,,Y
올드보이,,Y
와이키키_브라더스,Y,
와일드카드,,Y
완득이_시나리오(최종고),,Y
왕의_남자,,Y
외출,,Y
우리동네,Y,Y
우리들의일그러진영웅,,Y
우리생애최고의순간,,Y
우리에게내일은없다,Y,
우묵배미의 사랑,,Y
우아한세계,,Y
위험한상견례,,Y
유력한 용의자-0417 10,,Y
은밀하게_위대하게,,Y
음란서생,,Y
의뢰인,,Y
의형제(090719),,Y
인사동스캔들,,Y
작업의정석,,Y
작전,Y,
잠복근무,,Y
전설의고향,,Y
접속,,Y
정혜20031210[1],,Y
조용한세상,,Y
좋은놈 나쁜놈 이상한놈,Y,
좋지 아니한가,,Y
주먹이 운다,Y,
주홍글씨,,Y
중천,,Y
즐거운_인생,,Y
질투는나의힘_최종,,Y
짝패,Y,
째째한로맨스,,Y
창,,Y
천하장사마돈나,,Y
청연(靑燕),,Y
청춘만화,,Y
첼로-홍미주일가 살인사건,,Y
초록,,Y
초록 물고기,,Y
최강로맨스,,Y
추격자,,Y
친절한 금자씨-시나리오,Y,Y
친절한 금자씨-시나리오,Y,Y
타짜,,Y
태극기,,Y
태양의후예 10회,,Y
태풍,,Y
택시운전사,Y,
터널,Y,
퇴마록시나리오,,Y
트럭,Y,
티끌모아_로맨스,Y,
파랑주의보,,Y
파송송계란탁,Y,
파수꾼,,Y
판도라,,Y
편지,,Y
폰,,Y
품행제로,,Y
플라스틱트리,,Y
플라이대디,,Y
피터팬의공식,Y,
해변의여인,Y,
해운대(최종),Y,
해운대(최종),Y,
해피에로크리스마스,,Y
핸드폰,Y,
행복,Y,
허브,Y,
헬로우고스트,,Y
혈의 누,,Y
호로비츠를위하여,,Y
홍길동의_후예,,Y
홍당무,Y,
홍반장,Y,
화이_2012_1122_final,,Y
황해part1,Y,
황해part2,Y,
효자동,,Y
